,subject,day 1 distance,day 2 distance,day 1 rt,day 2 rt,dist difference,rt difference,condition
0,2,458.0719242,410.8546317,2.648142958,3.206864417,47.2172925,-0.558721458,TRUE
0,3,420.622325,488.8566996,2.561729417,3.215901958,-68.23437458,-0.654172542,TRUE
0,4,500.5305375,502.4385533,4.917627042,6.645719292,-1.90801575,-1.72809225,TRUE
0,5,560.050575,508.3317263,3.258245792,3.875619208,51.71884875,-0.617373417,TRUE
0,6,502.1043375,466.8205138,6.151950167,8.449889042,35.28382375,-2.297938875,TRUE